https://www.rbc.ru/business/28/12/2021/61c9b2179a7947268641f480,Россия заняла пятое место в мире по экспорту вакцин от COVID-19,00:00
https://www.rbc.ru/rbcfreenews/61c9c6b89a79472fedaed6f3,Власти Москвы попросили таксистов не повышать цены в праздники,"27 дек, 18:41"
https://www.rbc.ru/business/27/12/2021/61c9c3259a79472ece1de9f9,Мордашов оценил переход российской металлургии на водород в 10 трлн руб.,"27 дек, 18:22"
https://www.rbc.ru/business/27/12/2021/61c9c0549a79472d8ccfdbd4,«Газпром» увеличил отбор газа из хранилищ до пятилетнего максимума,"27 дек, 17:02"
https://www.rbc.ru/business/27/12/2021/61c9a9909a794721ed2010da,"ФАС уличила крупнейших поставщиков металлопроката в сговоре на ₽2,7 млрд","27 дек, 15:21"
https://www.rbc.ru/business/27/12/2021/61c8917d9a794711a783f05c,"«В то, что делает счастливым»: куда советуют инвестировать герои РБК","27 дек, 10:01"
https://www.rbc.ru/business/27/12/2021/61c962059a794783cc0cf418,Бизнес предупредил Мишустина о риске уничтожения вина на 15 млрд руб.,"27 дек, 10:00"
https://www.rbc.ru/business/27/12/2021/61c8b6199a79471fb3929a25,Глава Ростуризма заявила о необходимости электронной маркировки туров,"27 дек, 09:00"
https://www.rbc.ru/rbcfreenews/61c94e049a79477dd67c475c,«Газпром» седьмой день подряд не забронировал мощности Ямала — Европы,"27 дек, 08:57"
https://www.rbc.ru/business/27/12/2021/61c87add9a79470e3fcd0e72,Ростуризм предложил платить клиентам разорившихся турфирм по ₽40 тыс.,"27 дек, 07:10"
https://www.rbc.ru/interview/business/27/12/2021/61bdb2689a7947d2655d2864,Глава Ростуризма — РБК: «Не ставлю задачу убедить не ехать за границу»,"27 дек, 07:01"
https://www.rbc.ru/business/26/12/2021/61c8b67c9a794721e8af0cb6,"На город Спутник потратят более 15,5 млрд руб.","26 дек, 22:33"
https://www.rbc.ru/business/25/12/2021/61c761dc9a7947d38103c78c,«Газпром» назвал виновного в росте цен на газ в Европе,"25 дек, 21:36"
https://www.rbc.ru/business/25/12/2021/61c728699a7947c7964a5d39,"Reuters назвал актив, подорожавший сильнее биткоина и индекса NYSE","25 дек, 19:02"
https://www.rbc.ru/rbcfreenews/61c6bd819a7947abaf8028e0,«Газпром» пятый день подряд не забронировал мощности «Ямала — Европы»,"25 дек, 10:22"
https://www.rbc.ru/business/25/12/2021/61c4c2ae9a79471857f2faba,Владелец Auchan закроет французскую сеть магазинов одежды Kiabi в России,"25 дек, 09:00"
https://www.rbc.ru/business/25/12/2021/61c610899a79478960a8cb8a,МС-21 с импортозамещенным крылом совершил первый полет,"25 дек, 07:35"
https://www.rbc.ru/business/25/12/2021/61c63a269a79479083527c2b,Энергетики в Британии заявили о «национальном кризисе» из-за России,"25 дек, 01:03"
https://www.rbc.ru/business/24/12/2021/61c5f1989a794780ec4debae,Глава ФАС предложил меры поддержки владельцев АЗС,"24 дек, 20:10"
https://www.rbc.ru/business/24/12/2021/61c5b1469a7947622acc2a0d,Власти Кузбасса потребовали у шахтеров дать клятву горняка,"24 дек, 15:53"
https://www.rbc.ru/business/24/12/2021/61c57c709a7947463ce19175,"Белоусов сообщил о металлургах, которым «государство стало сильно мешать»","24 дек, 12:13"
https://www.rbc.ru/business/24/12/2021/61c04cee9a79476cd44eaeec,«Жив-здоров»: бизнесмены и политики подвели личные итоги 2021-го,"24 дек, 10:34"
https://www.rbc.ru/business/24/12/2021/61c4717e9a7947779c124460,Россияне стали чаще покупать валенки-сапоги,"24 дек, 06:00"
https://www.rbc.ru/business/24/12/2021/61c4a43a9a79470d5424d015,Эксперты оценили рост цен на жилье и стройматериалы в 2022 году,"24 дек, 00:00"
https://www.rbc.ru/business/23/12/2021/61c4bc799a7947179222e527,Кирилл Шамалов покинул совет директоров «Сибура»,"23 дек, 23:00"
https://www.rbc.ru/business/23/12/2021/61c4cbba9a79471aaa3f4450,"Natura Siberica отказалась от иска к совладелице на ₽1,7 млрд","23 дек, 22:55"
https://www.rbc.ru/business/23/12/2021/61c4b0d19a794713028be732,Экс-премьер Франции Фийон вошел в совет директоров «Сибура»,"23 дек, 20:30"
https://www.rbc.ru/business/23/12/2021/61c4994a9a794709a06b82c6,Украинский оператор поспорил с Путиным о причинах взлета цен на газ в ЕС,"23 дек, 19:05"
https://www.rbc.ru/business/23/12/2021/61c1f9bd9a79479347510b1f,На развитие МЦД в 2022 году направят ₽170 млрд,"23 дек, 15:54"
https://www.rbc.ru/business/23/12/2021/61c466389a794770ba3350fd,Путин заявил о необходимости «Роснано» договориться с банками-кредиторами,"23 дек, 15:29"
https://www.rbc.ru/rbcfreenews/61c439e09a794754b1e7ae2a,«Газпром» назвал срок заполнения второй нитки «Северного потока-2»,"23 дек, 13:15"
https://www.rbc.ru/business/23/12/2021/61c422de9a79474b125e8bea,Прокуратура раскрыла схему подкупа проверяющих на шахтах Кузбасса,"23 дек, 11:42"
https://www.rbc.ru/rbcfreenews/61c344019a79470a74775209,«Азбука вкуса» начнет продажи безрецептурных лекарств,"23 дек, 09:00"
https://www.rbc.ru/business/23/12/2021/61c3faca9a79473d14559d95,«Коммерсантъ» узнал детали иска к основателю «Рольфа» почти на ₽13 млрд,"23 дек, 08:20"
https://www.rbc.ru/business/23/12/2021/61c31ecc9a7947fb8fc72f2a,«Азбука вкуса» назвала параметры IPO на Московской бирже,"23 дек, 07:10"
https://www.rbc.ru/interview/business/23/12/2021/617f8c489a79474b20c9ab78,Глава «Азбуки вкуса» — РБК: «Мы находимся в состоянии ремиссии»,"23 дек, 07:00"
https://www.rbc.ru/rbcfreenews/61c353d99a794710d8abbeae,Предприниматели назвали главную проблему 2021 года для бизнеса,"23 дек, 05:30"
https://www.rbc.ru/business/23/12/2021/61c3ba159a794731b5c4e39a,Регионам разрешили самостоятельно определять тарифы на электроэнергию,"23 дек, 03:15"
https://www.rbc.ru/business/22/12/2021/61c32f0e9a794702860f1279,"FT узнала, что суда с СПГ меняют курс с Азии на Европу из-за цен на газ","22 дек, 17:12"
https://www.rbc.ru/business/22/12/2021/61c2f4769a7947e36e993d57,Власти оценили «государственную флешку» о нефти и газе в ₽20 млрд,"22 дек, 15:13"
https://www.rbc.ru/business/22/12/2021/61c2fe909a7947e98a009879,Вице-премьер предложила «не плодить сущности» из-за мусорных заводов,"22 дек, 15:04"
https://www.rbc.ru/business/22/12/2021/61c30dbf9a7947f292568968,«Нафтогаз» пожаловался ЕС на «Газпром» из-за цен на газ,"22 дек, 14:43"
https://www.rbc.ru/business/22/12/2021/61c2f3cc9a7947e386751775,Компании обяжут установить датчики выбросов до конца 2022 года,"22 дек, 13:42"
https://www.rbc.ru/business/22/12/2021/61c2df669a7947d4dbf1be38,Строители предупредили о «катастрофе» из-за новых правил по госконтрактам,"22 дек, 12:00"
https://www.rbc.ru/business/22/12/2021/61c2d1c89a7947cd647d8977,«Газпром» вновь не стал бронировать мощности газопровода Ямал — Европа,"22 дек, 11:05"
https://www.rbc.ru/opinions/business/22/12/2021/61c2370b9a7947a52bc5e629,"Владимир Волошин 
                                                Как раскрутить стартап в спортивной сфере","22 дек, 09:12"
https://www.rbc.ru/business/22/12/2021/61c2b7139a7947c28c23d7d5,Производители предложили увеличить минимальную цену шампанского на 18%,"22 дек, 09:10"
https://www.rbc.ru/business/22/12/2021/61c18eeb9a79475c009267ce,Минпромторг предложил выделить ₽38 млрд на заводы по сжиганию отходов,"22 дек, 08:00"
https://www.rbc.ru/business/22/12/2021/61c07d619a7947863aaf194f,«Дочка» «Ростеха» сообщила о пропаже 10 самолетов спецназначения в Казани,"22 дек, 00:00"
https://www.rbc.ru/business/21/12/2021/61c1f4659a7947909cf1b0e5,Биржевая цена на газ в Европе приблизилась к $2200,"21 дек, 19:30"
https://www.rbc.ru/opinions/business/21/12/2021/61c1afa59a79476d551ee2a1,"Андрей Комаров 
                                                Вычет на колледж: как работодателям помогут обучать кадры","21 дек, 13:43"
https://www.rbc.ru/business/21/12/2021/61c05cf09a7947760dd4a853,Власти решили обелить более 70% аренды жилья к 2030 году,"21 дек, 11:00"
https://www.rbc.ru/rbcfreenews/61c0bf149a79472171f5f34c,Глава X5 Retail продал американцам консалтинговый бизнес в России,"21 дек, 10:12"
https://www.rbc.ru/rbcfreenews/61c133139a794744dc1a32fc,Мутко рассказал о личном опыте покупки жилья в кредит в 1990-е годы,"21 дек, 10:00"
https://www.rbc.ru/business/21/12/2021/61c088119a7947060bf01ae4,Мусорный оператор впервые оценил города по качеству сбора отходов,"21 дек, 08:30"
https://www.rbc.ru/business/21/12/2021/61bc88b39a79478439bc7ea3,Владельцы производителя дронов-разведчиков создали винодельческий проект,"21 дек, 08:00"
https://www.rbc.ru/business/21/12/2021/61c0eeb69a794732dda1e3e6,В Киеве назвали шантажом отказ «Газпрома» увеличить транзит газа,"21 дек, 00:35"
https://www.rbc.ru/business/21/12/2021/61c08e2c9a79470dab6cf10f,Мутко предсказал остановку цен на жилье в регионах,"21 дек, 00:00"
https://www.rbc.ru/business/20/12/2021/61c0928a9a79470ff8d7e050,Тарифы на обслуживание пассажиров резко вырастут в трех аэропортах,"20 дек, 20:42"
https://www.rbc.ru/business/20/12/2021/61c09eb09a794715af18504a,Нефтекомпания сына Абрамовича уйдет с Лондонской биржи,"20 дек, 18:53"
https://www.rbc.ru/business/20/12/2021/61bf79e29a79473536a7c205,«Яндекс» назвал сроки появления беспилотных такси Москве,"20 дек, 12:02"
https://www.rbc.ru/business/20/12/2021/61bf3b249a794725b6ae11ce,Глава «Яндекса» оценил влияние ИТ-компании на рынок СМИ и новостей,"20 дек, 11:00"
https://www.rbc.ru/business/20/12/2021/61c031909a794760310da0d0,Биржевая цена на газ в Европе вновь превысила $1700,"20 дек, 10:39"
https://www.rbc.ru/rbcfreenews/61c01b2e9a794757d7c4e9df,Заммэра Москвы назвал срок возврата выручки бизнесом после нерабочих дней,"20 дек, 09:38"
https://www.rbc.ru/business/20/12/2021/61bf37a79a7947253582bba2,Глава «Яндекса» объяснил «дергание» властей из-за влияния техногигантов,"20 дек, 09:00"
https://www.rbc.ru/business/20/12/2021/61c0019c9a79474ff60fe6e0,«Коммерсантъ» узнал об уходе из России первой компании из-за выбросов CO₂,"20 дек, 08:09"
https://www.rbc.ru/business/20/12/2021/61bcaa8a9a794794da7a33bc,Обязательства «Аэрофлота» перед «ВТБ Лизингом» превысили $2 млрд,"20 дек, 08:01"
https://www.rbc.ru/rbcfreenews/61bc55949a79476c34c0a4d8,"В 2021 году экспорт леса принес России рекордные $12,5 млрд","20 дек, 07:31"
https://www.rbc.ru/rbcfreenews/61bf3daf9a794724a5498c2e,Глава «Яндекса» назвал «добежавшие» отрицательные эффекты от ИТ-бума,"20 дек, 07:10"
https://www.rbc.ru/business/20/12/2021/61b8a0c69a7947bc32ccaadc,Глава «Яндекса» — РБК: «Нет задачи загнать всех в одну кнопку»,"20 дек, 07:00"
https://www.rbc.ru/business/20/12/2021/61bfc8f79a7947430d8f4cd5,Роспотребнадзор ограничил поставки фруктов и овощей из Турции и Ирана,"20 дек, 03:32"
https://www.rbc.ru/business/20/12/2021/61bf38d59a794725b6ae11c9,Банк «Яндекса» будет выдавать кредиты водителям и курьерам,"20 дек, 02:00"
https://www.rbc.ru/business/19/12/2021/61bf916e9a7947391203f8d1,"Forbes узнал, что Абрамович купил самый дорогой в России частный самолет","19 дек, 23:45"
https://www.rbc.ru/business/19/12/2021/61bf0ce69a794716d1d5f2f3,РФПИ после слов Путина допустил бесплатную поставку «Спутника» в Африку,"19 дек, 14:15"
https://www.rbc.ru/business/18/12/2021/61bdd0389a7947d953f443c0,Абрамович получил португальское гражданство,"18 дек, 16:31"
https://www.rbc.ru/rbcfreenews/61bdb25d9a7947d3653a69f7,Умер один из богатейших миллиардеров ОАЭ,"18 дек, 13:39"
https://www.rbc.ru/business/18/12/2021/61bcb1b29a794798734911b9,Троценко заявил о готовности помочь владельцу шахты «Листвяжная»,"18 дек, 12:00"
https://www.rbc.ru/business/17/12/2021/61bcb6669a79479a344dc853,Segezha Group приобрела два лесных актива у Глеба Франка,"17 дек, 21:01"
https://www.rbc.ru/business/17/12/2021/61bc9dc39a79478ef3bee831,"На съезде РСПП строитель сказал Путину, что его «развели» с законом о СРО","17 дек, 19:39"
https://www.rbc.ru/business/17/12/2021/61bcb7cb9a79479ad4504687,Экс-участницу списка Forbes арестовали в Москве,"17 дек, 19:19"
https://www.rbc.ru/business/17/12/2021/61bc6fa09a7947787cc195a7,Вторую нитку «Северного потока-2» начали заполнять газом,"17 дек, 14:13"
https://www.rbc.ru/business/17/12/2021/61bc44fe9a794764dd490b13,Федун предсказал «драматичное удорожание» нефти до $380,"17 дек, 12:17"
https://www.rbc.ru/business/17/12/2021/61bc393d9a79475f5826a417,«Роскосмос» начал подготовку к привлечению частных инвесторов,"17 дек, 12:08"
https://www.rbc.ru/rbcfreenews/61bc30249a79475bb3339efc,«Газпром» заказал прокачку по газопроводу Ямал — Европа на 15% ниже,"17 дек, 11:55"
https://www.rbc.ru/business/17/12/2021/61bb8e459a794736789af28f,Глава «Газпром нефти» объяснил отказ от покупки 50% «Томскнефти»,"17 дек, 09:33"
https://www.rbc.ru/business/17/12/2021/61b9e2aa9a794726d041016f,Абрамович купил территорию заброшенного стадиона у моря в Геленджике,"17 дек, 08:00"
https://www.rbc.ru/business/17/12/2021/61bbc4499a7947429f943c04,Уволенный из-за романа с коллегой экс-глава McDonald's вернул отступные,"17 дек, 02:04"
https://www.rbc.ru/business/16/12/2021/61bb6a299a79472d1c613c1d,"Биржевая цена на газ в Европе в моменте превысила $1,7 тыс.","16 дек, 19:32"
https://www.rbc.ru/rbcfreenews/61bafbb49a79477e1faa19db,Владимир Кириенко купил акции VK почти на ₽50 млн,"16 дек, 12:06"
https://www.rbc.ru/business/16/12/2021/61bae65e9a794773ebde8d3e,«Лента» купит сервис доставки продуктов «Утконос» за 20 млрд руб.,"16 дек, 10:13"
https://www.rbc.ru/business/16/12/2021/61b0953e9a794749c4f27944,Сколько платят в крупнейших компаниях России. Ренкинг РБК,"16 дек, 09:00"
https://www.rbc.ru/business/16/12/2021/61b096439a79474b70f150b9,Как мы считали. Методология ренкинга средних зарплат,"16 дек, 09:00"
https://www.rbc.ru/rbcfreenews/61bab3969a7947646c634cb4,Первую запись в «Википедии» продали на NTF-торгах за $750 тыс.,"16 дек, 07:16"
https://www.rbc.ru/business/16/12/2021/61ba3f829a794749eed26e7d,Cian рассмотрит возможность увеличения доли акций на бирже в два раза,"16 дек, 07:10"
https://www.rbc.ru/business/16/12/2021/61ba80a09a79475a330c45e2,Маск посоветовал Безосу вместо отдыха в джакузи заниматься Blue Origin,"16 дек, 03:36"
https://www.rbc.ru/business/16/12/2021/61ba50909a79474dded60bea,Банк «Траст» продал единственное здание Захи Хадид в Москве,"16 дек, 00:10"
https://www.rbc.ru/business/16/12/2021/61ba2e9e9a794743bdef6586,Глава Cian объяснил запрет объявлений «для славян»,"16 дек, 00:00"
https://www.rbc.ru/business/15/12/2021/61b9d9029a79472148d49025,Власти согласовали перенос выплат по несостоявшимся турам до 2023 года,"15 дек, 21:10"
https://www.rbc.ru/business/15/12/2021/61b994cc9a7947fc40bcc831,Арест владельца шахты «Листвяжная». Главное,"15 дек, 21:00"
https://www.rbc.ru/business/15/12/2021/61ba1e1e9a79473f31542355,«Газпром» выполнил план поставок по транзитному договору с Киевом,"15 дек, 19:58"
https://www.rbc.ru/rbcfreenews/61b9e1919a794726bc948381,"«Газпром» сообщил, что Украина потратила почти весь закачанный к зиме газ","15 дек, 17:29"
https://www.rbc.ru/photoreport/15/12/2021/6006d7589a794728a1584233,Работы с препятствиями: хроника строительства «Северного потока-2»,"15 дек, 16:39"
https://www.rbc.ru/business/15/12/2021/61b9e2a69a794727b4731b08,Миллиардер Олег Бойко выиграл иск против Google,"15 дек, 16:23"
https://www.rbc.ru/business/15/12/2021/61b9831b9a7947f6239b9aa4,Вдова и дети россиянина из списка Forbes начали борьбу за яхту и особняк,"15 дек, 10:25"
https://www.rbc.ru/business/15/12/2021/61b73f979a794745391b5ac7,Россия на фоне санкций продала в США рекордный за 30 лет объем патронов,"15 дек, 08:01"
https://www.rbc.ru/business/15/12/2021/61b86dad9a7947a4c3c235ec,Куратор мусорной реформы вложит ₽1 млрд в проект Игоря Чайки,"15 дек, 07:00"
https://www.rbc.ru/business/15/12/2021/61b7614f9a7947550c0138f2,Минэнерго не поддержало идею Абрамченко об экологическом страховании,"15 дек, 06:00"
https://www.rbc.ru/business/14/12/2021/61b8cb719a7947cc8c7653b5,Шульгинов сообщил о второй заявке на экспорт газа по трубам «Газпрома»,"14 дек, 21:09"
https://www.rbc.ru/rbcfreenews/61b8b9949a7947c75389377a,Владельцы бренда «Ессентуки» выиграли суд у «Старого источника»,"14 дек, 20:30"
https://www.rbc.ru/rbcfreenews/61b89f249a7947bbd6f215b7,Дом моды Chanel возглавит директор по персоналу Unilever,"14 дек, 19:19"
https://www.rbc.ru/business/14/12/2021/61b8b0b79a7947c2675823a4,Мэрия Москвы изменит стоимость платных парковок,"14 дек, 19:00"
https://www.rbc.ru/rbcfreenews/61b874549a7947a87744c54c,АФК «Система» выкупила принадлежащие ВТБ акции производителя «Спутника V»,"14 дек, 14:46"
https://www.rbc.ru/business/14/12/2021/61b71ea79a7947359cc6c844,Два региона заявили о риске закрытия предприятий из-за дефицита вагонов,"14 дек, 11:12"
https://www.rbc.ru/business/14/12/2021/61b7f2da9a79477b436a1ef9,Meta приобрела товарный знак одноименного американского банка за $60 млн,"14 дек, 04:06"
https://www.rbc.ru/business/14/12/2021/61b7cc759a79477474ed560f,Минэнерго предложило снять запрет на продажу пива на АЗС,"14 дек, 01:58"
https://www.rbc.ru/business/14/12/2021/61b752759a79474ddbb3baeb,В РЖД допустили перенос сделки по продаже доли ВЭБу,"14 дек, 00:00"
https://www.rbc.ru/rbcfreenews/61b75f439a794753dc8d7336,Новым главой «Аэроэкспресса» стал начальник дирекции МЦД Акимов,"13 дек, 20:10"
https://www.rbc.ru/business/13/12/2021/61b7429a9a7947469a0aa495,Бизнес выступил против проверки иностранных топ-менеджеров на сифилис,"13 дек, 16:45"
https://www.rbc.ru/business/13/12/2021/61b724c69a7947384b742aa6,Автодилеру «Рольф» нашли покупателя на фоне дела против руководства,"13 дек, 13:50"
https://www.rbc.ru/business/13/12/2021/61b35f599a7947c97f66996d,Сбербанк нашел инвестора для строительства на месте долгостроя в Химках,"13 дек, 12:30"
https://www.rbc.ru/business/13/12/2021/61b70d409a79472c41308098,Владимира Кириенко назначили генеральным директором VK,"13 дек, 12:22"
https://www.rbc.ru/business/13/12/2021/61b1ff679a79474bcb51c434,Вексельберг перестал быть владельцем «Аэропортов регионов»,"13 дек, 09:00"
https://www.rbc.ru/business/13/12/2021/61b3423f9a7947bb4e758396,Экспортные цены на российских крабов выросли почти в два раза,"13 дек, 06:01"
https://www.rbc.ru/business/13/12/2021/61b6aec19a79470c0f8b1edb,В Россию стали поставлять больше рома и джина,"13 дек, 05:27"
https://www.rbc.ru/business/10/12/2021/61b371b69a7947d2a70dfed3,Крупнейший акционер «Норникеля» переехал с Кипра во Владивосток,"10 дек, 19:46"
https://www.rbc.ru/business/10/12/2021/61b33ddc9a7947b8e0f62bea,«Черкизово» консолидирует 100% поставщика индейки «Пава-Пава»,"10 дек, 17:11"
https://www.rbc.ru/business/10/12/2021/61b33a989a7947b75a9c93cd,«Ростех» отменил конкурс на продажу территории МиГ у метро «Динамо»,"10 дек, 16:43"
https://www.rbc.ru/business/10/12/2021/61b32ce19a7947afc37cd0bf,Чемезов назвал «высосанными из пальца» данные SIPRI о продажах оборонки,"10 дек, 16:01"
https://www.rbc.ru/business/10/12/2021/61b1ee8d9a7947401d3a5e7a,Дворкович назвал причину проблем «Роснано»,"10 дек, 10:10"
https://www.rbc.ru/business/10/12/2021/61b087e99a794743c565bc54,Правительство отложит один из этапов мусорной реформы,"10 дек, 07:00"
https://www.rbc.ru/rbcfreenews/61b24b599a79476c0ba01cbb,Только 2% компаний назвали 2021 год лучшим за всю историю своей работы,"10 дек, 04:00"
https://www.rbc.ru/business/10/12/2021/61b1d59f9a7947338594c7c5,Российский экспорт вакцин превысил $1 млрд,"10 дек, 00:00"
https://www.rbc.ru/rbcfreenews/61b220b09a79475dd8e216bb,Титов не увидел оснований для ареста совладельца «Рив Гош» Мейера,"09 дек, 20:20"
https://www.rbc.ru/business/09/12/2021/61b217869a79475a0c2d8480,Газпромбанк приобрел бывший актив Petropavlovsk у посредника втрое дороже,"09 дек, 18:57"
https://www.rbc.ru/business/09/12/2021/61b21a8a9a79475aae4798ee,Энергокомпания Вексельберга заявила о планах отказаться от угля,"09 дек, 18:43"
https://www.rbc.ru/rbcfreenews/61b21cdd9a79475cbd44daea,Суд отправил под домашний арест жену совладельца «Рив Гош» Инну Мейер,"09 дек, 18:41"
https://www.rbc.ru/business/09/12/2021/61b204e89a79474e65c6df8d,Глава Utair предложил отказаться от гигантских аэропортов,"09 дек, 16:36"
https://www.rbc.ru/business/09/12/2021/61b1f7149a79474878b75faf,"Двигателестроительная компания пообещала нарастить выручку до ₽0,5 трлн","09 дек, 16:05"
https://www.rbc.ru/business/09/12/2021/61b1ebb89a79473ede253124,Правительство выделит еще ₽44 млрд на передовой российский двигатель,"09 дек, 15:29"
https://www.rbc.ru/business/09/12/2021/61b1d7bc9a79473451cfdc7f,Суд отправил под стражу совладельца «Рив Гош»,"09 дек, 13:30"
https://www.rbc.ru/business/09/12/2021/61b1bf439a79472899866322,Владелец S7 сравнил эффективность авиакомпаний и Мосгортранса,"09 дек, 13:05"
https://www.rbc.ru/business/09/12/2021/61b0d0219a79476baf980aa0,В «Аэропортах регионов» предупредили о росте тарифов в новых аэропортах,"09 дек, 11:02"
https://www.rbc.ru/business/09/12/2021/61b1a8e59a7947213b8279b7,Следствие запросило арест для совладельца «Рив Гош» и «Юлмарта»,"09 дек, 10:01"
https://www.rbc.ru/business/09/12/2021/61afac339a7947fd1c0fa889,Вексельберг и Троценко решили инвестировать в «лежащие на боку» аэропорты,"09 дек, 09:32"
https://www.rbc.ru/opinions/business/09/12/2021/61b199249a79471925b6c95f,"Константин Никитин 
                                                Лицензия онлайн: что даст бизнесу реформа разрешительной деятельности","09 дек, 09:00"
https://www.rbc.ru/business/09/12/2021/61af84f39a7947ee8cb9faba,В «Аэропортах регионов» предложили отдать авиации субсидии на плацкарты,"09 дек, 07:15"
https://www.rbc.ru/business/09/12/2021/61b06d949a794730cf4fbb6b,Глава «Аэропортов регионов» — РБК: «QR-код — это неизбежное»,"09 дек, 07:00"
https://www.rbc.ru/business/09/12/2021/61b0df5b9a794771dd63c117,Аналитики выявили регионы — лидеры по объему онлайн-покупок,"09 дек, 06:00"
https://www.rbc.ru/business/09/12/2021/61af6ceb9a7947e24a473ee0,Поставщики заявили о росте стоимости импортного вина в 2022 году,"09 дек, 00:00"
https://www.rbc.ru/business/08/12/2021/61b0d2399a79476cd29ca670,Богатейшая женщина России обошла мировых миллиардеров по росту состояния,"08 дек, 20:57"
https://www.rbc.ru/business/08/12/2021/61b090df9a79474823765bc8,"Стоимость строительства в 2022 году вырастет на ₽1,6 трлн","08 дек, 20:46"
https://www.rbc.ru/business/08/12/2021/61b0cf739a79476b2edf620b,Mubadala сообщил о крупнейшей инвестиции в Россию,"08 дек, 19:31"
https://www.rbc.ru/rbcfreenews/61b0bc4a9a794761c6667238,В «Рив Гош» прокомментировали задержание совладельца компании Мейера,"08 дек, 17:22"
https://www.rbc.ru/business/08/12/2021/61b089369a794743b11e9754,Новый лоукостер Citrus выбрал аэропорты для первых рейсов,"08 дек, 15:56"
https://www.rbc.ru/rbcfreenews/61b07e929a79473ce9f482d6,«Яндекс» показал новую «умную» колонку со светящейся панелью,"08 дек, 15:22"
https://www.rbc.ru/business/08/12/2021/61b0763b9a794736d03e519a,Японцы приобретут лесную компанию на Дальнем Востоке за $525 млн,"08 дек, 14:27"
https://www.rbc.ru/business/08/12/2021/61b0858e9a794740d88e032f,Задержан совладелец «Рив Гош» и «Юлмарта»,"08 дек, 13:14"
https://www.rbc.ru/business/08/12/2021/61af90e69a7947f3a4b10a2f,«Траст» не исключил компенсации из-за остановки торгов «Интеко»,"08 дек, 12:00"
https://www.rbc.ru/business/08/12/2021/61b060ec9a79472bce8b8456,Аналитики зафиксировали «год рекордов» по тратам в мобильных приложениях,"08 дек, 11:00"
https://www.rbc.ru/business/08/12/2021/61af6e369a7947e37c71e6f9,Суды признали требования «Траста» к экс-владельцу «Югры» на 4 млрд руб.,"08 дек, 10:00"
https://www.rbc.ru/business/08/12/2021/61b044f39a794720cf154cc4,Потанин попросил суд отказать экс-жене в попытке получить $7 млрд,"08 дек, 09:37"
https://www.rbc.ru/business/08/12/2021/61adfc5a9a794750691faed1,Губернатор попросил не считать щебень полезным ископаемым,"08 дек, 08:00"
https://www.rbc.ru/business/08/12/2021/61b026e99a7947180a9b7c99,Клиенты Ozon и AliExpress пожаловались на задержки при доставке товаров,"08 дек, 06:46"
https://www.rbc.ru/rbcfreenews/61af885a9a7947ef5c98d5e1,Абрамченко ответила на угрозы роста цен из-за требований по упаковке,"07 дек, 22:24"
https://www.rbc.ru/business/07/12/2021/61af6ada9a7947e1a8e6cf1c,Путин поручил подготовить план по поставкам газа «Роснефти» в Европу,"07 дек, 18:48"
https://www.rbc.ru/business/07/12/2021/61af55809a7947d140d0a31e,РЖД ответили на претензии «Трансконтейнера» из-за операторов госмонополии,"07 дек, 18:46"
https://www.rbc.ru/business/07/12/2021/61ae07a99a79475f875ae743,Бортпроводник подал в суд на S7 из-за недоплаты за ночные рейсы,"07 дек, 15:07"
https://www.rbc.ru/business/07/12/2021/61ae319d9a79477377fae9b8,Владелец «Трансконтейнера» снимет фильм «Федя» про футболиста Черенкова,"07 дек, 13:01"
https://www.rbc.ru/business/07/12/2021/61ae401a9a79477961dec7bf,Группа «Дело» потратит «сотни миллионов долларов» на морские суда,"07 дек, 12:00"
https://www.rbc.ru/business/07/12/2021/61af06b59a7947ac38dd7014,Власти предложили ограничить использование зарубежных судов на Севморпути,"07 дек, 11:54"
https://www.rbc.ru/business/07/12/2021/61ae48539a79477c657f7cf6,"Владелец «Трансконтейнера» заявил, что РЖД отклонили до 50% его заявок","07 дек, 10:00"
https://www.rbc.ru/business/07/12/2021/61ae3dba9a79477810b030a7,Владелец группы «Дело» заявил о возможности объединения активов с FESCO,"07 дек, 07:00"
https://www.rbc.ru/business/07/12/2021/61ae8b2d9a79478e06a1a7d7,Saudi Aramco увидела риск беспорядков из-за быстрого отказа от нефти,"07 дек, 01:14"
https://www.rbc.ru/business/07/12/2021/61ae36eb9a794775ae34194f,Владелец «Трансконтейнера» назвал долю перевозки в ценах iPhone и фруктов,"07 дек, 00:00"
https://www.rbc.ru/business/07/12/2021/61ade07c9a79473f30f9c146,Владелец группы «Дело» — РБК: «До Maersk нам как до сиреневой звезды»,"07 дек, 00:00"
https://www.rbc.ru/business/06/12/2021/61aa56cc9a7947edad28a963,Абрамченко предложила разделить Сибирь на промышленные кластеры,"06 дек, 15:10"
https://www.rbc.ru/business/06/12/2021/61addbd59a79473cc6b52949,Бизнес увидел в планах правительства опасность для рынка электромобилей,"06 дек, 13:22"
https://www.rbc.ru/business/06/12/2021/61a9f0619a7947c3ea5b1437,Аналитики назвали сроки восстановления рынка грузоперевозок,"06 дек, 09:00"
https://www.rbc.ru/rbcfreenews/61ad25fd9a7947083dde8519,В Германии сочли невозможным остановить «Северный поток-2»,"06 дек, 00:22"
https://www.rbc.ru/business/05/12/2021/61ac75c89a7947663dcb7163,Медиакомпания Трампа привлекла $1 млрд на соцсеть,"05 дек, 15:17"
https://www.rbc.ru/business/04/12/2021/61abb67f9a79473e900050b1,Андрей Шаронов уйдет с поста президента школы «Сколково»,"04 дек, 21:50"
https://www.rbc.ru/business/04/12/2021/61ab800f9a794731f96401eb,Дерипаска объяснил необходимость городов в Сибири словами Столыпина,"04 дек, 19:46"
https://www.rbc.ru/rbcfreenews/61ab770d9a79472f3735e183,Президент школы «Сколково» возглавит национальный ESG-альянс,"04 дек, 17:58"
https://www.rbc.ru/business/04/12/2021/61aa512e9a7947ec3028c7af,Лимаренко назвал стоимость строительства моста на Сахалин,"04 дек, 10:00"
https://www.rbc.ru/business/04/12/2021/61a88ffa9a794749a8036e07,Суд раскрыл выручку Booking.com в России,"04 дек, 09:00"
https://www.rbc.ru/business/04/12/2021/61aa69519a7947f199b24a07,Глава Сахалина объяснил пробки из морских судов на Дальнем Востоке,"04 дек, 07:00"
https://www.rbc.ru/business/04/12/2021/61aa546e9a7947ece6a584ce,Глава Сахалина заявил о планах датской фирмы арендовать остров на Курилах,"04 дек, 00:00"
https://www.rbc.ru/business/04/12/2021/61a9dd4c9a7947bacb7cc210,Лимаренко — РБК: «Мост на Сахалин напрашивается экономически»,"04 дек, 00:00"
https://www.rbc.ru/business/03/12/2021/61aa4be89a7947ead936d91d,Пивовары предупредили о сбоях поставок пива в бары с 1 сентября,"03 дек, 20:56"
https://www.rbc.ru/business/03/12/2021/61a88f989a79474904463c8b,"Стоимость коммерческой недвижимости в Москве вырастет до ₽4,8 трлн","03 дек, 11:37"
https://www.rbc.ru/business/03/12/2021/61a9d5259a7947b716323d30,«Газпром-Медиа» стал совладельцем VK,"03 дек, 11:30"
https://www.rbc.ru/business/03/12/2021/61a93c569a79478d3ceb899a,Минтранс отказался от требования продажи билетов на самолет по QR-кодам,"03 дек, 01:03"
