https://www.rbc.ru/finances/27/12/2021/61c9aef49a794724adcc5af8,Экс-совладельцы «Открытия» разогнали банковскую просрочку выше ₽3 трлн,"27 дек, 16:48"
https://www.rbc.ru/finances/27/12/2021/61c97e9f9a79470aa3e92b8d,ЦБ заявил об отсутствии планов по «тотальному контролю» за переводами,"27 дек, 12:34"
https://www.rbc.ru/finances/27/12/2021/61c6b0779a7947a92334b7c3,Число считающих себя финансово грамотными россиян за 10 лет выросло втрое,"27 дек, 05:31"
https://www.rbc.ru/finances/27/12/2021/61c5aa4b9a79475f312d6eba,ЦБ начнет контролировать все денежные переводы между гражданами,"27 дек, 00:00"
https://www.rbc.ru/finances/23/12/2021/61c1cdaa9a79477d55c64863,Банки оценили рост популярности Системы быстрых платежей ЦБ,"23 дек, 06:30"
https://www.rbc.ru/finances/23/12/2021/61c333709a794704735cdb1a,ФССП приравняла молчание коллекторов в трубку к психологическому давлению,"23 дек, 06:00"
https://www.rbc.ru/finances/23/12/2021/61c3c52e9a79473054183fe4,«Коммерсантъ» сообщил о планах продать банк Прохорова,"23 дек, 04:26"
https://www.rbc.ru/finances/22/12/2021/61c355a99a794711ca8250b6,"Максимальные ставки по рублевым вкладам достигли пика за 2,5 года","22 дек, 23:09"
https://www.rbc.ru/finances/22/12/2021/61c2ab549a7947be5a07192d,Минфин согласовал рост выплат по ОСАГО для пострадавших в 4 раза,"22 дек, 08:29"
https://www.rbc.ru/finances/22/12/2021/61c1f2fc9a79478f8fd3c3b2,"Эксперты подсчитали, что на ипотеку у россиян уйдет в среднем треть жизни","22 дек, 00:00"
https://www.rbc.ru/finances/21/12/2021/61c1b43b9a79476fce781322,Россияне забрали из банков рекордный объем валюты с марта 2020 года,"21 дек, 14:51"
https://www.rbc.ru/finances/21/12/2021/61c08b759a794708e5c2aba8,Мутко рассказал о планах докапитализировать «Дом.РФ» на ₽50 млрд,"21 дек, 09:00"
https://www.rbc.ru/finances/21/12/2021/61c08f559a79470e7707fb48,Мутко спрогнозировал двузначные проценты по ипотеке в 2022 году,"21 дек, 07:10"
https://www.rbc.ru/finances/21/12/2021/61c062cf9a794778bcf6038d,Мутко — РБК: «Потенциал роста ипотеки — еще в полтора раза»,"21 дек, 07:00"
https://www.rbc.ru/finances/21/12/2021/61c04ef59a79476d4782d2b9,Число баз данных банковских клиентов на продажу в даркнете упало вдвое,"21 дек, 06:00"
https://www.rbc.ru/rbcfreenews/61c111509a79473cce31a696,ЦБ предупредил об обмане некоторых банков при оформлении POS-кредита,"21 дек, 02:48"
https://www.rbc.ru/finances/20/12/2021/61c057739a7947735b5582c5,ЦБ ограничит спецвклады для малоимущих суммой в ₽100 тыс.,"20 дек, 13:37"
https://www.rbc.ru/finances/19/12/2021/61bf14239a79471cd38a3f08,ЦБ разъяснил предложения по отмене комиссий на переводы самому себе,"19 дек, 16:02"
https://www.rbc.ru/finances/18/12/2021/61bd86bc9a7947c625c462eb,Не облагаемый налогом доход с вкладов вырастет вдвое после решения ЦБ,"18 дек, 10:56"
https://www.rbc.ru/finances/17/12/2021/61bc8e609a79478802ad7153,Банки приготовились к ставкам по ипотеке и вкладам выше 10%,"17 дек, 17:20"
https://www.rbc.ru/finances/17/12/2021/61bc89359a79478447638ab8,"ЦБ предложил разрешить бесплатные переводы самому себе до ₽1,4 млн","17 дек, 16:35"
https://www.rbc.ru/photoreport/17/12/2021/5f92bea39a7947522989725a,Следите за брошками: сигналы Эльвиры Набиуллиной. Фотогалерея,"17 дек, 15:31"
https://www.rbc.ru/finances/17/12/2021/61bb14b39a79470386492e83,ЦБ повысил ставку до максимума с 2017 года,"17 дек, 13:30"
https://www.rbc.ru/rbcfreenews/61bc2ae79a7947581c19008c,ЦБ отозвал лицензию у оператора регионального сервиса Telepay,"17 дек, 09:56"
https://www.rbc.ru/rbcfreenews/61bb3d009a7947170d8b8566,В Госдуме назвали возможную сумму вклада для людей с низкими доходами,"16 дек, 16:49"
https://www.rbc.ru/finances/16/12/2021/61babbe29a794765ec753755,"«Коммерсантъ» узнал, что Генпрокуратура вернула СК дело CEO «Траста»","16 дек, 07:57"
https://www.rbc.ru/finances/15/12/2021/61b9fda39a794732e67ab091,«ВТБ Капитал» заявил о возможности компромисса по «Роснано» до конца года,"15 дек, 18:19"
https://www.rbc.ru/finances/15/12/2021/61b8e2c29a7947d2f8469b77,Доля нерезидентов в ОФЗ опустилась ниже 20%,"15 дек, 07:45"
https://www.rbc.ru/finances/15/12/2021/61b89ab59a7947ba31ae3163,Хакеры впервые за три года украли деньги банка с его корсчета в ЦБ,"15 дек, 05:00"
https://www.rbc.ru/rbcfreenews/61b9443a9a7947e487b39051,"В конгрессе США одобрили повышение потолка госдолга до $31,4 трлн","15 дек, 04:46"
https://www.rbc.ru/finances/15/12/2021/61b874659a7947a932a40065,«Роснано» потребовало признать недействительными договоры о кредитах,"15 дек, 00:00"
https://www.rbc.ru/rbcfreenews/61b8cc289a7947cd35cd1de7,Биржевая цена на газ в Европе превысила $1500,"14 дек, 21:12"
https://www.rbc.ru/rbcfreenews/61b877219a7947aa41fd8f48,Илон Маск продал пакет акций Tesla еще на $900 млн,"14 дек, 14:49"
https://www.rbc.ru/finances/14/12/2021/61b811029a794781f2184c48,Group-IB оценила ущерб клиентов банков от новой мошеннической схемы,"14 дек, 09:00"
https://www.rbc.ru/finances/14/12/2021/61b82f199a7947899552c40e,Индекс Мосбиржи упал до минимума с весны,"14 дек, 08:56"
https://www.rbc.ru/finances/14/12/2021/61b75c399a794752fc6eb16c,Аналитики предсказали подъем ключевой ставки до максимума с 2017 года,"14 дек, 07:00"
https://www.rbc.ru/finances/13/12/2021/61b37d279a7947d96aafbf6b,Одна из крупнейших микрофинансовых компаний России решила провести IPO,"13 дек, 07:00"
https://www.rbc.ru/finances/12/12/2021/61b1fd7b9a79474b33986822,Как похищают деньги через интернет-магазины и как их вернуть. Инструкция,"12 дек, 09:00"
https://www.rbc.ru/finances/10/12/2021/61b332d99a7947b2f9cf0135,ЦБ предложил добавить опцию обезличивания кредитных историй россиян,"10 дек, 14:46"
https://www.rbc.ru/finances/10/12/2021/61b31eb39a7947a8daa14cda,ЦБ протестирует обмен цифрового рубля на иностранные валюты,"10 дек, 13:21"
https://www.rbc.ru/finances/09/12/2021/61b1dbb89a7947365732ad4c,ВЭБ заявил о готовности взять ответственность за состояние «Роснано»,"09 дек, 13:59"
https://www.rbc.ru/finances/09/12/2021/61b0d4449a79476d61ebe320,Верховный суд отправил на пересмотр спор об антиотмывочных тарифах банков,"09 дек, 00:00"
https://www.rbc.ru/finances/08/12/2021/61b0920a9a794748e9d7a36e,ВТБ вслед за «Сбером» второй раз за месяц повысит ставки по ипотеке,"08 дек, 14:30"
https://www.rbc.ru/rbcfreenews/61b06c559a7947301bcd265d,В «Сколково-РЭШ» заявили о рисках владения «мертвыми» банковскими картами,"08 дек, 12:25"
https://www.rbc.ru/finances/08/12/2021/61af78699a7947e886a9c7a3,«Траст» вернул ЦБ свыше ₽200 млрд,"08 дек, 07:00"
https://www.rbc.ru/finances/08/12/2021/61af4e4a9a7947ceedfaa147,Глава «Траста» — РБК: «Слабые требования могут обернуться против тебя»,"08 дек, 07:00"
https://www.rbc.ru/finances/08/12/2021/61b018c79a7947153edc3694,В ЦБ разработали поправки о постоянном механизме кредитных каникул,"08 дек, 05:45"
https://www.rbc.ru/finances/07/12/2021/61af56f79a7947d28b7b1923,Госдума утвердила основные параметры новой антиотмывочной платформы ЦБ,"07 дек, 16:25"
https://www.rbc.ru/finances/07/12/2021/61af3d6c9a7947c72ecf6ff3,Греф назвал чушью и небылицей угрозу запрета конвертации рубля,"07 дек, 14:03"
https://www.rbc.ru/finances/07/12/2021/61af089e9a7947acc2f7cfc7,Набиуллина сравнила продажу личных данных со сделками аборигенов за бусы,"07 дек, 10:28"
https://www.rbc.ru/rbcfreenews/61ae1d5b9a794769ce30e353,«Сбер» повысил возраст заемщиков по ипотеке до 75 лет,"06 дек, 21:06"
https://www.rbc.ru/finances/06/12/2021/61ae3ac19a7947768a436700,ЦБ на полгода приостановил переводы по рублевым кошелькам WebMoney,"06 дек, 20:18"
https://www.rbc.ru/finances/06/12/2021/61adfbd59a7947507b4f9cb7,Греф пообещал рост процентов по депозитам вслед за ставкой ЦБ,"06 дек, 15:12"
https://www.rbc.ru/finances/06/12/2021/61adef3c9a794748202a2d16,ЦБ отозвал лицензию на страхование у «ВСК-Милосердия»,"06 дек, 14:29"
https://www.rbc.ru/finances/06/12/2021/61adc22a9a79472f8806d871,Сбербанк во второй раз за месяц повысил ставки по ипотеке,"06 дек, 11:43"
https://www.rbc.ru/finances/06/12/2021/61a4d9079a794792ff22d5cf,Банки дадут клиентам возможность запретить выдачу онлайн-кредитов,"06 дек, 07:30"
https://www.rbc.ru/finances/06/12/2021/61aa67269a7947f2bdd0bfe1,В кредитные истории россиян попадут сведения о небанковских рассрочках,"06 дек, 06:00"
https://www.rbc.ru/finances/06/12/2021/61a8d4639a79476b808c4eee,ЦБ предложил ввести обязательную сумму возврата при кражах со счетов,"06 дек, 00:01"
https://www.rbc.ru/finances/05/12/2021/61a8bf5f9a79475f80bc1d1d,Банки нарастили предложение кредиток с длинным беспроцентным периодом,"05 дек, 10:00"
https://www.rbc.ru/finances/03/12/2021/61a8d1d19a794767eaf952de,Брокер из США начал размораживать счета клиентов после блокировки за Крым,"03 дек, 09:00"
https://www.rbc.ru/finances/03/12/2021/61a9a0e69a7947a1f8f7edca,ЦБ отозвал лицензию у «АСКО-Страхования»,"03 дек, 07:52"
https://www.rbc.ru/rbcfreenews/61a8b6819a79475ae9424788,Усманов назвал участие USM в капитале VK важной частью ее истории,"02 дек, 17:20"
https://www.rbc.ru/rbcfreenews/61a87cae9a794740ecbd3375,"Только 7,7% украденных мошенниками денег смогли вернуть потерпевшим","02 дек, 14:38"
https://www.rbc.ru/finances/02/12/2021/61a8a1859a7947511aa7019b,Сбербанк и МВД заметили тренд на захват квартир финансовыми мошенниками,"02 дек, 13:59"
https://www.rbc.ru/finances/02/12/2021/61a75ad59a79476e7143295c,Крупнейший акционер ОВК назвал причины дефолта ее «дочки»,"02 дек, 08:00"
https://www.rbc.ru/finances/02/12/2021/61a7e73a9a79471eaaae5568,Тиньков назвал причины срыва сделки с «Яндексом»,"02 дек, 07:30"
https://www.rbc.ru/rbcfreenews/61a76ce49a79477898038d31,Инвесткомпании оценили привлекательность вложений в ESG-технологии,"01 дек, 18:32"
https://www.rbc.ru/rbcfreenews/61a7746d9a79477c400c0216,Глава Мосбиржи заявил о росте интереса к IPO на российском рынке,"01 дек, 17:59"
https://www.rbc.ru/finances/01/12/2021/61a5de319a7947e20c9a6f60,Частные инвестиции и риски ESG. Главные события форума «Россия зовет!»,"01 дек, 17:18"
https://www.rbc.ru/finances/01/12/2021/61a776bd9a79477ca7aa7762,В ЦБ допустили закрытие до четверти МФО из-за ограничения ставок,"01 дек, 16:38"
https://www.rbc.ru/finances/01/12/2021/61a75b6e9a79476f037212d8,Костин рассказал о «большом компоненте импорта» в российской инфляции,"01 дек, 16:23"
https://www.rbc.ru/rbcfreenews/61a7627a9a79477306ee73f5,Глава СПБ Биржи рассказал о феномене социального инвестирования,"01 дек, 16:02"
https://www.rbc.ru/finances/01/12/2021/61a75c0b9a79476fa3696547,"Эксперты дали советы, как сформировать свой портфель инвестиций","01 дек, 15:28"
https://www.rbc.ru/rbcfreenews/61a753ce9a79476ace51a6bd,В Allianz Global Investors дали советы по инвестированию,"01 дек, 15:17"
https://www.rbc.ru/rbcfreenews/61a75fb29a794771b982b5f5,Глава 22V Research назвал способ побороть бедность при помощи инвестиций,"01 дек, 14:51"
https://www.rbc.ru/finances/01/12/2021/61a756589a79476c74162c48,Костин сравнил стальную Набиуллину с железной Тэтчер,"01 дек, 14:35"
https://www.rbc.ru/rbcfreenews/61a747239a7947626704f544,Глава Почта Банка станет советником Костина в ВТБ,"01 дек, 13:02"
https://www.rbc.ru/rbcfreenews/61a7347d9a7947578598d610,Замглавы ВЭБа назвала срок запуска «окна» для иностранных инвестиций,"01 дек, 12:44"
https://www.rbc.ru/finances/01/12/2021/61a662019a79471a8ec9cd00,«Роснано» расплатилось за облигации без госгарантий,"01 дек, 12:14"
https://www.rbc.ru/rbcfreenews/61a71ea19a79474cf3b0790c,Костин назвал Путину срок начала торговли углеродными единицами,"01 дек, 10:45"
https://www.rbc.ru/finances/01/12/2021/61a687529a7947249e8e8253,Половина россиян негативно отнеслись к идее отказаться от бумажных денег,"01 дек, 03:00"
https://www.rbc.ru/rbcfreenews/61a630399a79470a709cb7c4,В России разрешили блокировать сайты финансовых пирамид без суда,"01 дек, 01:00"
https://www.rbc.ru/rbcfreenews/61a61d719a794700f0e8c90d,"Костин рассказал Путину, как по версии американцев «хакером оказался»","30 ноя, 17:35"
https://www.rbc.ru/rbcfreenews/61a5e5b49a7947e5558c9f21,«Сбер» повысил ставки по двум вкладам,"30 ноя, 15:36"
https://www.rbc.ru/finances/30/11/2021/61a613f49a7947fbdf06bf97,Путин ответил на вопрос о «вторжении России на Украину»,"30 ноя, 15:35"
https://www.rbc.ru/finances/30/11/2021/61a60f5b9a7947f8dfc1669f,Набиуллина допустила повышение ключевой ставки еще на 1 п.п.,"30 ноя, 15:05"
https://www.rbc.ru/finances/30/11/2021/61a60dd79a7947f87f105afd,Путин поручил «застраховать» инвестиции россиян в акции как вклады,"30 ноя, 14:56"
https://www.rbc.ru/finances/30/11/2021/61a5ff7b9a7947f132f5dfc2,Силуанов увидел надежду на компромисс в переговорах «Роснано» по кредитам,"30 ноя, 14:21"
https://www.rbc.ru/finances/30/11/2021/61a602989a7947f2b99c70b1,ЦБ предложил два способа повысить доходность вкладов для небогатых,"30 ноя, 14:14"
https://www.rbc.ru/finances/30/11/2021/61a5fa739a7947ef13bdcff7,Набиуллина предложила не продлевать льготную ипотеку на новостройки,"30 ноя, 14:13"
https://www.rbc.ru/rbcfreenews/61a5f4cb9a7947ed55b1a5fa,Орешкин предупредил о рисках нового типа монополизма для экономики,"30 ноя, 13:51"
https://www.rbc.ru/finances/30/11/2021/61a5e5389a7947e48bb1a9c8,Орешкин назвал три сценария влияния нового штамма COVID-19 на экономику,"30 ноя, 12:14"
https://www.rbc.ru/rbcfreenews/61a5835a9a7947c57c3e8919,"ВТБ допустил, что рынок депозитов в России вырастет впервые за три года","30 ноя, 10:00"
https://www.rbc.ru/rbcfreenews/61a5a0599a7947cc18c74af9,В ВТБ предложили продлить госпрограмму ипотеки для льготников,"30 ноя, 10:00"
https://www.rbc.ru/rbcfreenews/61a553a09a7947bdd8135dbd,ВТБ сообщил о росте розничного кредитования в России на 22%,"30 ноя, 10:00"
https://www.rbc.ru/finances/30/11/2021/61a4e12f9a7947969abfc60f,Доходность по бондам «Роснано» возросла до миллионов процентов,"30 ноя, 00:01"
https://www.rbc.ru/finances/29/11/2021/61a4d39c9a79479177c327cc,«Хоум Кредит» попробует зарабатывать в России по модели китайского WeChat,"29 ноя, 17:50"
https://www.rbc.ru/rbcfreenews/61a4b82b9a79478387261e3e,Банк России выпустил памятные монеты с артистом Юрием Никулиным,"29 ноя, 16:01"
https://www.rbc.ru/rbcfreenews/61a44c449a794759e38cbadf,Эксперты спрогнозировали уход с рынка 29 банков,"29 ноя, 07:21"
https://www.rbc.ru/finances/29/11/2021/61a2124d9a79476674352992,Решение Лондона по иску к Минцу на ₽30 млрд отправили в российский суд,"29 ноя, 07:00"
https://www.rbc.ru/finances/28/11/2021/61a0f4379a79472047d3e7b0,Коллекторы «Сбера» составили портреты должников с активами за рубежом,"28 ноя, 12:00"
https://www.rbc.ru/finances/26/11/2021/619f9cfb9a7947a4d20513a1,Коллекторы зафиксировали резкий спад продажи долгов россиян,"26 ноя, 08:30"
https://www.rbc.ru/finances/26/11/2021/619f98c49a7947a20daa4544,Аналитики предсказали банкам два года рекордной прибыли подряд,"26 ноя, 00:00"
https://www.rbc.ru/rbcfreenews/619fd1129a7947b8d029c3bd,Fitch пересмотрит рейтинги «Роснано»,"25 ноя, 22:34"
https://www.rbc.ru/rbcfreenews/619f9c1f9a7947a43ead8f8c,Центробанк заявил об отсутствии системных рисков в ситуации с «Роснано»,"25 ноя, 18:46"
https://www.rbc.ru/finances/25/11/2021/619f72e09a79478aaf683223,ЦБ зафиксировал новый максимум долговой нагрузки россиян,"25 ноя, 16:00"
https://www.rbc.ru/finances/25/11/2021/619f425e9a79476f9a670ae4,«Дочка» ОВК допустила технический дефолт по облигациям на ₽15 млрд,"25 ноя, 11:29"
https://www.rbc.ru/finances/24/11/2021/619e606e9a794732d99b7dff,ЦБ проверит банки на готовность к регулированию экосистем в декабре,"24 ноя, 19:39"
https://www.rbc.ru/rbcfreenews/619e582f9a79472f458af3d2,ВТБ сообщил о мошенничестве под предлогом возврата пенсионных накоплений,"24 ноя, 18:58"
https://www.rbc.ru/finances/24/11/2021/619e2f599a79471c913ca3ad,Финразведка не поддержала идею ЦБ о смягчении антиотмывочного контроля,"24 ноя, 15:38"
https://www.rbc.ru/finances/24/11/2021/619e26929a79471876118f78,ЦБ предложил создать специальные вклады для малообеспеченных,"24 ноя, 15:19"
https://www.rbc.ru/finances/24/11/2021/619e170c9a79471060007ab3,«Тинькофф» описал схему выхода на новые рынки через «воронку»,"24 ноя, 14:27"
https://www.rbc.ru/finances/24/11/2021/61965f1a9a7947c9a5221a57,Глава Райффайзенбанка усомнился в пользе экосистем для клиентов,"24 ноя, 11:00"
https://www.rbc.ru/finances/24/11/2021/619d22c29a79474d00dc9963,Оборонный банк оказался держателем 25% долга «Роснано» без госгарантий,"24 ноя, 10:00"
https://www.rbc.ru/finances/24/11/2021/619653729a7947c42e064082,Райффайзенбанк допустил покупку розничного портфеля «Сити»,"24 ноя, 08:30"
https://www.rbc.ru/finances/24/11/2021/619cca919a79471998ee05fa,Кто входит в список кредиторов «Роснано». Инфографика,"24 ноя, 06:41"
https://www.rbc.ru/finances/24/11/2021/61967f759a7947d8dc2cb017,Глава Райффайзенбанка назвал причину ухода иностранных банков из России,"24 ноя, 06:11"
https://www.rbc.ru/finances/24/11/2021/619ccee49a79471bdcf07e6d,"Глава Райффайзенбанка — РБК: «Уходят те, у кого не получается бизнес»","24 ноя, 06:00"
https://www.rbc.ru/rbcfreenews/619cc98a9a794719f13ffa37,В работе мобильного банка ВТБ произошел сбой,"23 ноя, 14:35"
https://www.rbc.ru/finances/22/11/2021/619b69219a7947a0fbdd6368,Fitch назвало ситуацию с долгами «Роснано» тестом для государства,"22 ноя, 16:00"
https://www.rbc.ru/finances/22/11/2021/619b819b9a7947ab95a7c66f,ЦБ объяснил остановку торгов по «Роснано» предотвращением инсайда,"22 ноя, 14:44"
https://www.rbc.ru/finances/22/11/2021/619b79fe9a7947a8264bdc96,Депутаты предложили увести предельную ставку по займам ниже 300% годовых,"22 ноя, 14:23"
https://www.rbc.ru/rbcfreenews/619b751a9a7947a6ad6da140,В ВТБ рассказали о распространении требований ESG на клиентов,"22 ноя, 14:07"
https://www.rbc.ru/finances/22/11/2021/619a8b829a79476506515a46,Глава ФНС исключил «набеги» налоговиков на переводы с карты на карту,"22 ноя, 09:00"
https://www.rbc.ru/rbcfreenews/6197bfe49a79474b92bb303f,В правительстве не исключили отказ от слияния МСП Банка и «Дом.РФ»,"19 ноя, 18:25"
https://www.rbc.ru/finances/19/11/2021/619753259a79470fdcc2cbe9,Власти отказались объединять госбанки для ипотеки и малого бизнеса,"19 ноя, 16:49"
https://www.rbc.ru/finances/18/11/2021/61963c769a7947b8b9e17375,ЦБ поддержал идею запрета ставок в 365% годовых для микрозаймов,"18 ноя, 14:54"
https://www.rbc.ru/finances/18/11/2021/619630619a7947b31b957d46,ЦБ раскрыл сроки и параметры прямых ограничений на кредиты,"18 ноя, 14:25"
https://www.rbc.ru/finances/18/11/2021/6195f3f29a794797180e1b39,В России начали создавать ПИФы специально для госслужащих,"18 ноя, 10:09"
https://www.rbc.ru/rbcfreenews/619480bd9a79471baff3b512,"Объем вложений России в госдолг США сократился до $3,9 млрд","17 ноя, 07:33"
https://www.rbc.ru/finances/16/11/2021/6193cb069a79477687c16c64,Максимальные ставки по вкладам в крупнейших банках приблизились к 7%,"16 ноя, 19:07"
https://www.rbc.ru/finances/16/11/2021/6193b8ef9a79476f31e20041,Банк для малого бизнеса лишился рейтинга от второго из трех агентств,"16 ноя, 17:49"
https://www.rbc.ru/finances/16/11/2021/6192760c9a79470b44cebd07,Власти подготовили новый вариант ограничений на выдачу кредитов,"16 ноя, 05:00"
https://www.rbc.ru/finances/15/11/2021/6192854f9a794710b757ddad,ВТБ вслед за «Сбером» повысит ставки по ипотеке,"15 ноя, 19:44"
https://www.rbc.ru/finances/15/11/2021/619261f89a7947007f6744f1,ЦБ отложил штрафы для банков за переводы в адрес онлайн-казино,"15 ноя, 17:40"
https://www.rbc.ru/finances/15/11/2021/61920b209a7947dba62fca87,«Сбер» в третий раз за год повысил ставки по ипотеке,"15 ноя, 10:29"
https://www.rbc.ru/finances/15/11/2021/618e623c9a79477c66f9a111,Приставы назвали число коллекторов с высоким риском вреда для должников,"15 ноя, 08:00"
https://www.rbc.ru/finances/15/11/2021/6191ddc59a7947cda32b5bf3,Visa отменит комиссию за переводы с карты на карту по номеру телефона,"15 ноя, 07:23"
https://www.rbc.ru/finances/15/11/2021/619137f89a7947a6772609b3,Сбербанк оценил запросы ипотечников с разными доходами,"15 ноя, 07:00"
https://www.rbc.ru/finances/12/11/2021/618d17139a79470f02711933,Выдачи автокредитов в России впервые превысят ₽1 трлн за год,"12 ноя, 06:00"
https://www.rbc.ru/finances/12/11/2021/618c20099a7947bd22261b4a,Visa установила льготные комиссии для Wildberries и Ozon за прием карт,"12 ноя, 00:00"
https://www.rbc.ru/rbcfreenews/618be6e59a7947ac6496f2a2,В Альфа-банке ответили на сообщения о сбоях в работе приложения,"10 ноя, 18:47"
https://www.rbc.ru/finances/10/11/2021/618bcc309a7947a0bee302c9,ЦБ впервые оценил потери банков из-за быстрого роста ставок,"10 ноя, 17:37"
https://www.rbc.ru/finances/10/11/2021/618a92529a79473e91a3f75b,Аналитики зафиксировали в России досрочный рекорд по выдаче ипотеки,"10 ноя, 00:00"
https://www.rbc.ru/finances/09/11/2021/618a62379a79472899551730,Греф рассказал о планах «Сбера» на оставшиеся банки в Европе,"09 ноя, 15:29"
https://www.rbc.ru/finances/09/11/2021/618a10289a79470577fdf4b4,Выдачи кредитов россиянам резко упали на фоне роста заболеваемости COVID,"09 ноя, 12:00"
https://www.rbc.ru/finances/09/11/2021/6189163c9a794745fab97b07,"Visa оценила долю способных противостоять мошенникам россиян в 0,2%","09 ноя, 06:00"
https://www.rbc.ru/finances/09/11/2021/6189b6df9a7947765e2c6ade,Цена биткоина впервые в истории превысила $67 тыс.,"09 ноя, 02:51"
https://www.rbc.ru/rbcfreenews/6189126a9a7947457606a4ad,В Red Wings ответили на слова о нерыночных зарплатах пилотам Superjet,"08 ноя, 15:49"
https://www.rbc.ru/finances/08/11/2021/6188197f9a7947fc5330c603,Соруководителем «Тинькофф» станет выходец из Morgan Stanley и «Роснефти»,"08 ноя, 14:13"
https://www.rbc.ru/finances/08/11/2021/6188b9cb9a7947207cc31142,Греф оценил риск возникновения нового мирового кризиса,"08 ноя, 10:17"
https://www.rbc.ru/finances/03/11/2021/6182e6cf9a79476ade40ec32,"Сбербанк продаст банки в Европе с активами на €7,3 млрд","03 ноя, 22:45"
https://www.rbc.ru/rbcfreenews/618286769a79474845322900,В Кремле заявили о планах Путина участвовать в форуме «Россия зовет!»,"03 ноя, 16:40"
https://www.rbc.ru/finances/03/11/2021/618156139a7947e71cd58ac7,Банки оценили спрос россиян на перевод ипотеки в семейную,"03 ноя, 07:00"
https://www.rbc.ru/finances/01/11/2021/618021a59a79478bcaa7b805,"ЦБ в 3,5 раза повысил прогноз по притоку наличных в экономику","01 ноя, 20:44"
https://www.rbc.ru/finances/01/11/2021/618009ce9a7947841d77ce92,ЦБ ограничит возможности банков давать рассрочку на покупки в магазинах,"01 ноя, 19:52"
https://www.rbc.ru/finances/01/11/2021/617f91519a79474dddf61f5b,Wildberries снизил скидку при оплате картами «Мир»,"01 ноя, 15:47"
https://www.rbc.ru/finances/01/11/2021/617f6e799a7947406b37a75e,ЦБ отозвал лицензию у банка «Спутник»,"01 ноя, 07:38"
https://www.rbc.ru/finances/01/11/2021/617a8ffe9a79477c56237c05,ЦБ предупредил о переходе черных кредиторов в онлайн,"01 ноя, 05:00"
https://www.rbc.ru/finances/30/10/2021/617c045b9a794701791b0601,Российские банки начали новый этап повышения ставок по ипотеке,"30 окт, 09:00"
https://www.rbc.ru/rbcfreenews/617c3a589a79471496a247a3,Шувалов представил восемь проектов ВЭБа,"29 окт, 21:49"
https://www.rbc.ru/finances/29/10/2021/617c2df89a794711d8dc7758,Тиньков назвал гуманным решение суда в США,"29 окт, 20:50"
https://www.rbc.ru/finances/29/10/2021/617be22c9a7947f0641ec09e,Суд утвердил соглашение Тинькова и налоговиков США на $509 млн,"29 окт, 19:54"
https://www.rbc.ru/finances/29/10/2021/617a9d0a9a794781fdb3898e,ЦБ выявил новый тип «игровых» финансовых пирамид,"29 окт, 07:00"
https://www.rbc.ru/rbcfreenews/617a93d19a79477da8f4841d,Один из крупнейших работодателей России раскрыл размер повышения зарплат,"28 окт, 16:08"
https://www.rbc.ru/finances/28/10/2021/617a4a759a794759d03c19ea,Чистая прибыль Сбербанка приблизилась к ₽1 трлн,"28 окт, 11:04"
https://www.rbc.ru/rbcfreenews/617a04a59a79474849222e4e,Трамп и Маск выступили против «налога на миллиардеров» в США,"28 окт, 05:35"
https://www.rbc.ru/finances/27/10/2021/6178fe4c9a79477189eae565,"Эксперты оценили долю магазинов, принимающих нелегальные переводы","27 окт, 13:05"
https://www.rbc.ru/finances/27/10/2021/617860919a79474a57af3f7f,ВТБ приблизился к годовой цели по чистой прибыли,"27 окт, 10:14"
https://www.rbc.ru/finances/27/10/2021/6176cac29a7947c7898447b0,BestDoctor решил купить страховую компанию у банкира Игоря Кима,"27 окт, 07:30"
https://www.rbc.ru/finances/26/10/2021/617807759a79472d8b93baf2,Аналитики предупредили о всплеске дефолтов на российском рынке облигаций,"26 окт, 21:43"
https://www.rbc.ru/finances/25/10/2021/6176bd649a7947c0faa048da,В Минфине предложили «притормозить» с расширением льгот по ипотеке,"25 окт, 18:04"
https://www.rbc.ru/finances/25/10/2021/61766f689a79479b6d678236,Банки столкнулись с падением чистой прибыли из-за роста ставки ЦБ,"25 окт, 13:53"
https://www.rbc.ru/finances/25/10/2021/61767f1e9a7947a340ab271a,В ЦБ сочли «пугалкой» опасения банков из-за ограничений на кредиты,"25 окт, 13:30"
https://www.rbc.ru/finances/25/10/2021/6172dcab9a79474ebac327a2,Банки заявили о риске ухода клиентов к нелегалам из-за лимитов на кредиты,"25 окт, 00:00"
https://www.rbc.ru/finances/24/10/2021/6172908a9a79472d4c8e56b9,Эксперты предупредили о новой схеме мошенничества с МФО и СМС-бомберами,"24 окт, 09:00"
https://www.rbc.ru/finances/22/10/2021/6172c9ad9a794745b1ac4e7f,Банки повысят ставки вслед за ЦБ,"22 окт, 18:17"
https://www.rbc.ru/finances/22/10/2021/6172ac209a79473824e6de58,Как Эльвира Набиуллина объяснила резкое повышение ставки. Главное,"22 окт, 16:06"
https://www.rbc.ru/rbcfreenews/61728be69a79472b1c8a0d4d,Набиуллина после повышения ставки надела брошь в виде лука и стрелы,"22 окт, 15:03"
https://www.rbc.ru/finances/22/10/2021/61729f999a794733748ecb32,Правительство распространило льготную ипотеку на частные дома,"22 окт, 14:25"
https://www.rbc.ru/finances/22/10/2021/61727abd9a79472224a51f22,"ЦБ неожиданно поднял ставку сразу на 0,75 п.п.","22 окт, 13:31"
https://www.rbc.ru/finances/22/10/2021/617165529a7947c9662ddd92,Российские банки заняли почти 10% мирового рынка карточных платежей,"22 окт, 06:00"
https://www.rbc.ru/finances/22/10/2021/61718a539a7947de424006b2,Эксперты оценили влияние нового локдауна на выдачу кредитов,"22 окт, 00:00"
https://www.rbc.ru/finances/21/10/2021/6167f8b59a7947f0c4347693,ЦБ получит право ограничивать выдачу потребительских кредитов,"21 окт, 16:32"
https://www.rbc.ru/finances/21/10/2021/617018959a79475cb124029c,Банки попросили ЦБ отложить обязательную выдачу кредитов по биометрии,"21 окт, 06:30"
https://www.rbc.ru/finances/20/10/2021/617000e09a79474b8f1b3aa3,Нацбанк Украины запретил пополнять депозиты в рублях,"20 окт, 16:05"
https://www.rbc.ru/finances/20/10/2021/617009999a794754043f6083,Банкир Игорь Ким допустил продажу банковского бизнеса в Европе,"20 окт, 15:53"
https://www.rbc.ru/finances/20/10/2021/616e9bc09a794757018e6d93,Эксперты спрогнозировали новое повышение ключевой ставки ЦБ,"20 окт, 06:00"
https://www.rbc.ru/rbcfreenews/616eb7a49a794762a3fc6031,Аналитики заметили рост доходности номеров в отелях российских регионов,"20 окт, 04:00"
https://www.rbc.ru/finances/19/10/2021/616e7fba9a79474a49eae757,Суд вновь рассмотрит иск Citi о взыскании 49% банка «Русский стандарт»,"19 окт, 12:53"
https://www.rbc.ru/rbcfreenews/616e4ac79a79473634065fad,Глава Минфина США призвала к дальнейшему повышению потолка госдолга,"19 окт, 07:57"
https://www.rbc.ru/finances/19/10/2021/616e3fbb9a7947349b9010c7,Суд впервые с 2015 года признал незаконным отзыв лицензии ЦБ у банка,"19 окт, 07:00"
https://www.rbc.ru/rbcfreenews/616d53789a7947eb5377d875,Силуанов заявил о расчете маткапитала с учетом фактической инфляции,"18 окт, 14:34"
https://www.rbc.ru/finances/15/10/2021/6169631d9a794770d4fe4e6b,Эксперты зафиксировали первые случаи мошенничества под видом переписи,"15 окт, 15:13"
https://www.rbc.ru/rbcfreenews/6168b0dc9a79473d0277d7c3,В России проиндексируют маткапитал по фактической инфляции в 2022 году,"15 окт, 01:53"
https://www.rbc.ru/rbcfreenews/6168a90a9a79473d655f95f0,"Набиуллина назвала валюту, в которой хранит сбережения","15 окт, 01:28"
